cluster,centroid_lat,centroid_lon
0,12.938305159,77.709032375
1,12.968897238068914,77.58874914096185
2,13.118398370398774,77.69085318404908
3,12.929573210648979,77.6220666344568
4,13.019107462533693,77.5957722
5,13.140084673179397,77.56210774422735
